KOL,total_count,link_bai_viet
Hanaholala,69,"[""https://kenh14.vn/10-my-nhan-dep-nhat-the-gioi-2025-dich-le-nhiet-ba-xep-thu-6-hang-1-cang-ngam-cang-say-nhu-dieu-do-215251225115107931.chn"", ""https://kenh14.vn/12-san-pham-lam-dep-viral-nhat-mxh-2025-khong-thu-thi-thoi-thu-roi-la-dinh-215251226231450522.chn"", ""https://kenh14.vn/4-loai-do-cu-nen-dut-khoat-bo-truoc-nam-moi-2026-215252612130307545.chn"", ""https://kenh14.vn/42-tuoi-toi-moi-hoc-duoc-tu-me-7-meo-tiet-kiem-khong-ton-1-dong-giai-quyet-sach-tu-quan-ao-san-nha-den-mui-trong-bep-215251226123939488.chn"", ""https://kenh14.vn/7-xu-huong-lam-dep-noi-bat-nhat-nam-2025-do-vogue-binh-chon-215251227092259364.chn"", ""https://kenh14.vn/an-chung-than-cho-chong-dai-gia-vua-bi-bat-cua-nu-dien-vien-phim-gio-vang-21525122709375988.chn"", ""https://kenh14.vn/bo-khoc-nac-chay-sang-nha-hang-xom-dap-cua-cau-cuu-luc-dem-khuya-nhoi-long-cau-chuyen-phia-sau-215251227083213996.chn"", ""https://kenh14.vn/cap-doi-ngon-tinh-dang-dong-canh-18-thi-30-nguoi-bat-ngo-ap-vao-phong-ly-do-hut-17-trieu-luot-xem-215251227080508794.chn"", ""https://kenh14.vn/chay-nha-4-nguoi-thiet-mang-o-dak-lak-chau-be-1-thang-tuoi-thoat-chet-trong-long-cha-215251227091451744.chn"", ""https://kenh14.vn/chi-sau-khi-tro-thanh-gia-su-nha-giau-toi-moi-nhan-ra-the-gioi-cua-con-cai-ho-co-the-kich-tinh-den-muc-nao-215251227093602796.chn"", ""https://kenh14.vn/chinh-thuc-trai-nghiem-kenh14-theo-cach-hoan-toan-moi-tu-hom-nay-giao-dien-stream-20160926151850618.chn"", ""https://kenh14.vn/co-gai-2k1-xinh-nhu-bup-be-song-tung-khien-hoa-hau-thanh-thuy-bi-lu-mo-gio-ra-sao-215251226161231509.chn"", ""https://kenh14.vn/cong-chua-quang-tuan-toi-khong-choi-do-duoc-lam-nhu-vay-khong-anh-hung-375540.chn"", ""https://kenh14.vn/cuoc-chien-album-2025-khi-nhac-viet-khong-con-so-su-khac-biet-215251213200203199.chn"", ""https://kenh14.vn/danh-sach-9-loai-my-pham-nhieu-nguoi-viet-quen-dung-vua-bi-bo-y-te-thu-hoi-tieu-huy-215251226152414433.chn"", ""https://kenh14.vn/dau-long-nhat-giang-sinh-nu-dien-vien-bi-ban-trai-dam-chet-o-tuoi-26-de-lai-con-trai-chi-moi-3-tuoi-215251226072751095.chn"", ""https://kenh14.vn/de-tai-ban-luan-day-song-ve-chong-lan-khue-215251226154355974.chn"", ""https://kenh14.vn/di-lam-ca-nam-khong-no-nan-van-trang-tay-215251226221136756.chn"", ""https://kenh14.vn/dien-bien-bau-cu-tong-thong-my-2024-ong-trump-va-ba-harris-co-nhung-chien-thang-dau-tien-215241106082317535.chn"", ""https://kenh14.vn/dot-kich-nha-vdv-olympic-bi-fbi-truy-na-cuc-gat-thu-giu-ma-tuy-dan-duoc-va-2-tam-huy-chuong-dang-ngo-215251227085514418.chn"", ""https://kenh14.vn/drama-cang-dem-giang-sinh-nu-dien-vien-dinh-dam-vh-lo-clip-than-mat-voi-thieu-gia-da-co-gia-dinh-phai-len-tieng-xin-loi-215251225110833367.chn"", ""https://kenh14.vn/gap-chu-xe-om-bi-lan-truyen-sai-su-that-tren-mang-tiet-lo-ve-2-chiec-xe-pcx-va-sh-trong-nha-215251226214552863.chn"", ""https://kenh14.vn/gia-vang-tang-dong-loat-21525122709482093.chn"", ""https://kenh14.vn/giang-vien-thanh-nhac-dat-show-nhat-viet-nam-da-tim-duoc-hanh-phuc-moi-215251226125632695.chn"", ""https://kenh14.vn/hang-chuc-nan-nhan-gui-email-den-khoai-lang-thang-21525122519243123.chn"", ""https://kenh14.vn/hang-chuc-ty-dong-duoc-chuyen-cho-nguoi-khong-quen-biet-sau-2-dam-cuoi-tai-phiet-an-tuong-nhat-nam-2025-215251226201144821.chn"", ""https://kenh14.vn/hieuthuhai-va-calvin-klein-khi-tranh-cai-va-ganh-ghet-tao-nen-bieu-mau-cua-su-thanh-cong-215251217175030214.chn"", ""https://kenh14.vn/hoa-hau-luong-thuy-linh-dao-nay-bi-lam-sao-vay-215251226152327457.chn"", ""https://kenh14.vn/hoang-duc-gianh-cu-dup-giai-thuong-tai-qua-bong-vang-2025-hotboy-dinh-bac-gianh-qua-bong-bac-215251226223314656.chn"", ""https://kenh14.vn/hoc-duong/ban-tin-46.chn"", ""https://kenh14.vn/huong-tram-neu-chuong-trinh-thuc-te-khai-thac-dung-con-nguoi-that-khong-biet-con-fan-khong-215251227001244062.chn"", ""https://kenh14.vn/khi-ai-lay-di-cong-viec-co-ban-nguoi-moi-ra-truong-lay-kinh-nghiem-o-dau-215251212094809917.chn"", ""https://kenh14.vn/khong-phai-sau-rieng-day-moi-la-mo-vang-cua-viet-nam-duoc-trung-quoc-va-chau-a-tranh-nhau-mua-thu-ve-hon-1-ty-usd-nuoc-ta-cung-thai-lan-canh-tranh-ngoi-vuong-215251227080753737.chn"", ""https://kenh14.vn/khung-anh-gay-nhuc-nhoi-showbiz-nhat-luc-nay-sao-mui-ai-cung-thang-tap-nhu-duc-ra-tu-mot-khuon-215251226112726133.chn"", ""https://kenh14.vn/kiem-5-7-trieu-dong-moi-dem-nho-cho-thue-may-photobooth-luu-dong-trong-dam-cuoi-tiec-cuoi-nam-215251226205735562.chn"", ""https://kenh14.vn/ly-son-rat-dep-vi-sao-khong-hut-khach-215251227081810984.chn"", ""https://kenh14.vn/minh-tu-bao-no-nua-ty-dong-215251226225528593.chn"", ""https://kenh14.vn/mot-cuoc-chien-dam-tien-dang-xay-ra-truoc-them-concert-anh-trai-say-hi-mua-2-215251227102028541.chn"", ""https://kenh14.vn/mua-xe-may-online-chi-danh-cho-nguoi-ranh-xe-co-nhieu-kinh-nghiem-376131.chn"", ""https://kenh14.vn/nam-ca-si-noi-tieng-danh-roi-14-ty-tren-san-khau-215251226180433864.chn"", ""https://kenh14.vn/nam-thanh-nien-26-tuoi-bang-hoang-phat-hien-nhiem-hiv-sai-lam-tu-mot-tinh-huong-ngau-nhien-215251227110632971.chn"", ""https://kenh14.vn/ngoc-trinh-thua-tieu-vy-lan-chinh-minh-10-nam-truoc-215251226184043843.chn"", ""https://kenh14.vn/nguoi-dan-bat-duoc-ca-sau-khong-lo-dai-4-met-nang-500kg-215251225134826533.chn"", ""https://kenh14.vn/nguoi-dep-cuoi-dai-gia-mai-tang-suong-nhu-tien-o-biet-phu-6000-m2-sang-hai-mit-chieu-hai-sau-rieng-215251226165128955.chn"", ""https://kenh14.vn/nguoi-phu-nu-suy-than-cap-vi-uong-thu-nuoc-healthy-tri-tao-bon-bac-si-4-do-uong-van-nguoi-me-nhung-cam-ky-voi-nguoi-than-yeu-215251227101114482.chn"", ""https://kenh14.vn/nhin-lai-nhung-drama-the-thao-nam-2025-tu-vu-bong-chuyen-bi-xu-thua-gay-soc-den-man-gian-lan-chan-dong-sea-games-215251226163007428.chn"", ""https://kenh14.vn/nhung-hinh-anh-dau-tien-trong-phien-toa-xet-xu-nguoi-dan-ong-danh-phu-nu-tai-chung-cu-o-ha-noi-215251226093856553.chn"", ""https://kenh14.vn/nhung-hinh-anh-hiem-thay-trong-ngay-ca-nuoc-my-day-song-215241106164012362.chn"", ""https://kenh14.vn/noi-nhiet-do-xuong-toi-am-20-do-c-ngay-luc-nay-215251227080350699.chn"", ""https://kenh14.vn/nong-chay-nha-giua-dem-khuya-4-nguoi-trong-gia-dinh-tu-vong-21525122707315584.chn"", ""https://kenh14.vn/nu-bac-si-co-bang-piano-tai-nhac-vien-tphcm-ket-hon-voi-sao-nam-hon-16-tuoi-215251226200346048.chn"", ""https://kenh14.vn/nu-ca-si-hang-a-bi-cuop-tan-cong-dap-vo-cua-kinh-o-to-tinh-trang-hien-tai-ra-sao-215251226140833699.chn"", ""https://kenh14.vn/nu-chinh-phim-ngon-tinh-top-1-toan-cau-tu-choi-lam-dau-hao-mon-visual-qua-xuat-sac-style-tuyet-doi-sang-chanh-215252712065734045.chn"", ""https://kenh14.vn/nu-thu-khoa-nhac-vien-thanh-cong-nhat-viet-nam-215251227004004202.chn"", ""https://kenh14.vn/ong-donald-trump-cung-gia-dinh-lan-dau-xuat-hien-sau-bau-cu-cau-ut-barron-gay-chu-y-dac-biet-215241106155454409.chn"", ""https://kenh14.vn/quyet-dinh-quan-trong-cua-do-ha-sau-2-thang-ket-hon-voi-thieu-gia-tap-doan-son-hai-215251226225331085.chn"", ""https://kenh14.vn/than-nu-9-tang-troi-xuong-nhan-gian-lam-gi-the-nay-nhan-sac-nang-tam-tham-my-dep-the-nay-sao-chiu-noi-215251227081806244.chn"", ""https://kenh14.vn/thu-quy-gia-trong-biet-thu-21-ty-cua-mc-quyen-linh-215251226161906861.chn"", ""https://kenh14.vn/tieu-thu-harper-cam-cui-viet-dieu-uoc-khi-anh-trai-doan-tuyet-voi-gia-dinh-beckham-tuyen-bo-vo-la-tat-ca-215251226065906111.chn"", ""https://kenh14.vn/tin-buon-ngay-giang-sinh-nam-nghe-si-dot-ngot-qua-doi-nguyen-nhan-chua-duoc-lam-ro-21525122516394978.chn"", ""https://kenh14.vn/tom-tat-trend-2025-dung-google-maps-tro-ve-qua-khu-book-tram-ty-chup-len-cuoi-nam-vua-chay-deadline-vua-khoc-215251227080403473.chn"", ""https://kenh14.vn/tong-ket-drama-2025-cua-vu-tru-wags-viet-chu-thanh-huyen-lam-gi-cung-thi-phi-doan-hai-my-bi-vu-oan-trang-tron-215251226162753582.chn"", ""https://kenh14.vn/tre-co-phuc-hay-khong-ngay-tu-khi-sinh-ra-da-co-7-dau-hieu-nay-215251225193547452.chn"", ""https://kenh14.vn/vdv-noi-tieng-bi-phat-hien-da-chet-trong-phong-khach-san-giua-ki-tap-huan-chuan-bi-cho-olympic-mua-dong-215251224100833295.chn"", ""https://kenh14.vn/video/ly-ky-chuyen-di-nhan-40-nam-vot-xac-tren-song-hong-376183.chn"", ""https://kenh14.vn/video/sonk-toi-da-nghi-den-viec-lam-quan-quan-anh-trai-say-hi-375618.chn"", ""https://kenh14.vn/vo-chong-beckham-om-nhau-nhay-mua-giua-luc-bi-con-ca-block-con-chen-nhac-an-y-chung-ta-viec-gi-phai-xin-loi-215251227070540497.chn"", ""https://kenh14.vn/vu-tha-cho-du-can-nguoi-phu-nu-o-ha-noi-nhan-chung-ke-lai-phut-kinh-hoang-va-qua-khu-bat-hao-cua-ke-gay-su-215251226200550203.chn"", ""https://kenh14.vn/xo-so-mien-nam-nhieu-dai-ly-dang-tim-nguoi-trung-giai-doc-dac-84-ti-dong-cua-3-dai-215251227094324606.chn""]"
Khoai Lang Thang,21,"[""https://kenh14.vn/chinh-thuc-trai-nghiem-kenh14-theo-cach-hoan-toan-moi-tu-hom-nay-giao-dien-stream-20160926151850618.chn"", ""https://kenh14.vn/di-lam-ca-nam-khong-no-nan-van-trang-tay-215251226221136756.chn"", ""https://kenh14.vn/gap-chu-xe-om-bi-lan-truyen-sai-su-that-tren-mang-tiet-lo-ve-2-chiec-xe-pcx-va-sh-trong-nha-215251226214552863.chn"", ""https://kenh14.vn/hang-chuc-nan-nhan-gui-email-den-khoai-lang-thang-21525122519243123.chn"", ""https://kenh14.vn/hang-chuc-ty-dong-duoc-chuyen-cho-nguoi-khong-quen-biet-sau-2-dam-cuoi-tai-phiet-an-tuong-nhat-nam-2025-215251226201144821.chn"", ""https://kenh14.vn/hoang-duc-gianh-cu-dup-giai-thuong-tai-qua-bong-vang-2025-hotboy-dinh-bac-gianh-qua-bong-bac-215251226223314656.chn"", ""https://kenh14.vn/hoc-duong/ban-tin-46.chn"", ""https://kenh14.vn/huong-tram-neu-chuong-trinh-thuc-te-khai-thac-dung-con-nguoi-that-khong-biet-con-fan-khong-215251227001244062.chn"", ""https://kenh14.vn/khoai-lang-thang-bi-chen-ep-21525102420071777.chn"", ""https://kenh14.vn/khoai-lang-thang-bi-loi-dung-215251205064324868.chn"", ""https://kenh14.vn/khoai-lang-thang-da-den-muc-do-nay-roi-ha-215251216111955672.chn"", ""https://kenh14.vn/khoai-lang-thang-doi-chat-215251201164845608.chn"", ""https://kenh14.vn/khoai-lang-thang-tiep-tuc-len-tieng-ve-on-ao-ki-la-nhat-su-nghiep-215251202135154769.chn"", ""https://kenh14.vn/kiem-5-7-trieu-dong-moi-dem-nho-cho-thue-may-photobooth-luu-dong-trong-dam-cuoi-tiec-cuoi-nam-215251226205735562.chn"", ""https://kenh14.vn/nhin-lai-nhung-drama-the-thao-nam-2025-tu-vu-bong-chuyen-bi-xu-thua-gay-soc-den-man-gian-lan-chan-dong-sea-games-215251226163007428.chn"", ""https://kenh14.vn/noi-luc-cua-khoai-lang-thang-215251203072509057.chn"", ""https://kenh14.vn/nong-chay-nha-giua-dem-khuya-4-nguoi-trong-gia-dinh-tu-vong-21525122707315584.chn"", ""https://kenh14.vn/tinh-yeu-cua-khoai-lang-thang-215251204134434266.chn"", ""https://kenh14.vn/tom-tat-trend-2025-dung-google-maps-tro-ve-qua-khu-book-tram-ty-chup-len-cuoi-nam-vua-chay-deadline-vua-khoc-215251227080403473.chn"", ""https://kenh14.vn/vi-sao-khoai-lang-thang-luon-duoc-benh-vuc-215251204190414977.chn"", ""https://kenh14.vn/youtuber-khoai-lang-thang-dau-dau-vi-bi-su-dung-hinh-anh-di-lua-dao-215251024121513736.chn""]"
Lê Dương Bảo Lâm,21,"[""https://kenh14.vn/chinh-thuc-trai-nghiem-kenh14-theo-cach-hoan-toan-moi-tu-hom-nay-giao-dien-stream-20160926151850618.chn"", ""https://kenh14.vn/chung-ket-anh-trai-say-hi-negav-buitruonglinh-va-dan-my-nam-do-bo-1-nhan-vat-chiem-spotlight-215251213201728919.chn"", ""https://kenh14.vn/di-lam-ca-nam-khong-no-nan-van-trang-tay-215251226221136756.chn"", ""https://kenh14.vn/em-vo-le-duong-bao-lam-dang-hen-ho-1-anh-trai-215251130213249515.chn"", ""https://kenh14.vn/gap-chu-xe-om-bi-lan-truyen-sai-su-that-tren-mang-tiet-lo-ve-2-chiec-xe-pcx-va-sh-trong-nha-215251226214552863.chn"", ""https://kenh14.vn/hang-chuc-ty-dong-duoc-chuyen-cho-nguoi-khong-quen-biet-sau-2-dam-cuoi-tai-phiet-an-tuong-nhat-nam-2025-215251226201144821.chn"", ""https://kenh14.vn/hoang-duc-gianh-cu-dup-giai-thuong-tai-qua-bong-vang-2025-hotboy-dinh-bac-gianh-qua-bong-bac-215251226223314656.chn"", ""https://kenh14.vn/hoc-duong/ban-tin-46.chn"", ""https://kenh14.vn/huong-tram-neu-chuong-trinh-thuc-te-khai-thac-dung-con-nguoi-that-khong-biet-con-fan-khong-215251227001244062.chn"", ""https://kenh14.vn/kiem-5-7-trieu-dong-moi-dem-nho-cho-thue-may-photobooth-luu-dong-trong-dam-cuoi-tiec-cuoi-nam-215251226205735562.chn"", ""https://kenh14.vn/le-duong-bao-lam-len-tieng-truoc-thong-tin-duoi-thang-khan-gia-215251007152153474.chn"", ""https://kenh14.vn/le-duong-bao-lam-roi-vao-tinh-the-cuc-cang-vi-cong-khai-moi-nguoi-nay-den-fanmeeting-2152512201117016.chn"", ""https://kenh14.vn/le-duong-bao-lam-xin-loi-lamoon-sau-drama-he-lo-doan-hoi-thoai-quan-trong-trong-hau-truong-2-ngay-1-dem-215251028125819535.chn"", ""https://kenh14.vn/man-ban-tieng-anh-cua-le-duong-bao-lam-lai-gay-bao-chung-ket-anh-trai-say-hi-215251214012110239.chn"", ""https://kenh14.vn/moi-quan-he-giua-otis-va-em-vo-le-duong-bao-lam-215251128145738183.chn"", ""https://kenh14.vn/nhin-lai-nhung-drama-the-thao-nam-2025-tu-vu-bong-chuyen-bi-xu-thua-gay-soc-den-man-gian-lan-chan-dong-sea-games-215251226163007428.chn"", ""https://kenh14.vn/nong-chay-nha-giua-dem-khuya-4-nguoi-trong-gia-dinh-tu-vong-21525122707315584.chn"", ""https://kenh14.vn/qua-trung-thu-soc-nhat-viet-nam-cua-hoa-hau-khanh-van-215251005191436827.chn"", ""https://kenh14.vn/sao-nam-vbiz-mo-fanmeeting-moi-hieuthuhai-va-hoi-nghe-si-khung-nhung-e-ve-tram-trong-phai-keu-cuu-215251209131249059.chn"", ""https://kenh14.vn/song-luan-le-duong-bao-lam-khoc-nghen-chuyen-gi-day-215251104153244801.chn"", ""https://kenh14.vn/tom-tat-trend-2025-dung-google-maps-tro-ve-qua-khu-book-tram-ty-chup-len-cuoi-nam-vua-chay-deadline-vua-khoc-215251227080403473.chn""]"
Ngô Kiến Huy,21,"[""https://kenh14.vn/1-em-xinh-co-thai-do-tra-treo-voi-ngo-kien-huy-kieu-minh-tuan-gay-tranh-cai-netizen-che-eq-thap-215251028100123324.chn"", ""https://kenh14.vn/bi-mang-hon-voi-ngo-kien-huy-kieu-minh-tuan-lamoon-mong-moi-nguoi-thong-cam-215251028151622892.chn"", ""https://kenh14.vn/chinh-thuc-trai-nghiem-kenh14-theo-cach-hoan-toan-moi-tu-hom-nay-giao-dien-stream-20160926151850618.chn"", ""https://kenh14.vn/di-lam-ca-nam-khong-no-nan-van-trang-tay-215251226221136756.chn"", ""https://kenh14.vn/gap-chu-xe-om-bi-lan-truyen-sai-su-that-tren-mang-tiet-lo-ve-2-chiec-xe-pcx-va-sh-trong-nha-215251226214552863.chn"", ""https://kenh14.vn/hang-chuc-ty-dong-duoc-chuyen-cho-nguoi-khong-quen-biet-sau-2-dam-cuoi-tai-phiet-an-tuong-nhat-nam-2025-215251226201144821.chn"", ""https://kenh14.vn/hoang-duc-gianh-cu-dup-giai-thuong-tai-qua-bong-vang-2025-hotboy-dinh-bac-gianh-qua-bong-bac-215251226223314656.chn"", ""https://kenh14.vn/hoc-duong/ban-tin-46.chn"", ""https://kenh14.vn/hot-nhat-live-stage-3-anh-trai-say-hi-to-hop-196-tuoi-toan-dinh-luu-vpop-nhung-hat-nhac-meo-meo-kieu-kpop-215251102210251541.chn"", ""https://kenh14.vn/huong-tram-neu-chuong-trinh-thuc-te-khai-thac-dung-con-nguoi-that-khong-biet-con-fan-khong-215251227001244062.chn"", ""https://kenh14.vn/kiem-5-7-trieu-dong-moi-dem-nho-cho-thue-may-photobooth-luu-dong-trong-dam-cuoi-tiec-cuoi-nam-215251226205735562.chn"", ""https://kenh14.vn/lo-ket-qua-say-hi-live-stage-3-nhieu-anh-trai-khoc-den-bat-tinh-215251024135610228.chn"", ""https://kenh14.vn/man-hinh-led-sang-ruc-boi-nam-than-co-tuoi-noi-tieng-nhat-vbiz-215251123131536445.chn"", ""https://kenh14.vn/ngo-kien-huy-da-chot-thuong-vu-lon-voi-1-em-xinh-215251028205825163.chn"", ""https://kenh14.vn/nguoi-dang-di-dung-lo-trinh-lam-quan-quan-anh-trai-say-hi-mua-2-nhat-215251120195707957.chn"", ""https://kenh14.vn/nhin-lai-nhung-drama-the-thao-nam-2025-tu-vu-bong-chuyen-bi-xu-thua-gay-soc-den-man-gian-lan-chan-dong-sea-games-215251226163007428.chn"", ""https://kenh14.vn/nong-chay-nha-giua-dem-khuya-4-nguoi-trong-gia-dinh-tu-vong-21525122707315584.chn"", ""https://kenh14.vn/nua-showbiz-den-chuc-phuc-che-nguyen-quynh-chau-hoa-minzy-noi-ban-bat-trong-vay-xuyen-thau-ngo-kien-huy-khong-tu-quynh-dung-mat-215251026201557464.chn"", ""https://kenh14.vn/tom-tat-trend-2025-dung-google-maps-tro-ve-qua-khu-book-tram-ty-chup-len-cuoi-nam-vua-chay-deadline-vua-khoc-215251227080403473.chn"", ""https://kenh14.vn/tran-thanh-dua-thong-bao-chan-dong-cho-30-anh-trai-215251102075538481.chn"", ""https://kenh14.vn/truong-giang-va-dan-2-ngay-1-dem-dong-loat-benh-vuc-lamoon-chi-tru-1-nguoi-co-phan-ung-gay-tranh-cai-215251029132552721.chn""]"
Sam,21,"[""https://kenh14.vn/ca-mang-xa-hoi-dang-du-lich-bac-cuc-1-met-vuong-10-nang-tho-trong-bao-tuyet-ai-dinh-hon-215251104183909012.chn"", ""https://kenh14.vn/chiec-ghe-dac-biet-khien-sam-manh-tay-chi-ca-chuc-trieu-sam-rieng-2-chiec-cho-con-215250623111609492.chn"", ""https://kenh14.vn/chinh-thuc-trai-nghiem-kenh14-theo-cach-hoan-toan-moi-tu-hom-nay-giao-dien-stream-20160926151850618.chn"", ""https://kenh14.vn/cung-ngan-hang-d3k2-tang-11000-lo-bioamicus-d3k2-cho-tre-em-viet-215250520132231709.chn"", ""https://kenh14.vn/dac-san-dat-hon-tom-ghe-thuoc-dang-quy-hiem-o-quang-ninh-bo-phan-nao-cung-nau-duoc-vi-ken-nguoi-an-215250812193102278.chn"", ""https://kenh14.vn/di-lam-ca-nam-khong-no-nan-van-trang-tay-215251226221136756.chn"", ""https://kenh14.vn/gap-chu-xe-om-bi-lan-truyen-sai-su-that-tren-mang-tiet-lo-ve-2-chiec-xe-pcx-va-sh-trong-nha-215251226214552863.chn"", ""https://kenh14.vn/hang-chuc-ty-dong-duoc-chuyen-cho-nguoi-khong-quen-biet-sau-2-dam-cuoi-tai-phiet-an-tuong-nhat-nam-2025-215251226201144821.chn"", ""https://kenh14.vn/hoang-duc-gianh-cu-dup-giai-thuong-tai-qua-bong-vang-2025-hotboy-dinh-bac-gianh-qua-bong-bac-215251226223314656.chn"", ""https://kenh14.vn/hoc-duong/ban-tin-46.chn"", ""https://kenh14.vn/huong-tram-neu-chuong-trinh-thuc-te-khai-thac-dung-con-nguoi-that-khong-biet-con-fan-khong-215251227001244062.chn"", ""https://kenh14.vn/kiem-5-7-trieu-dong-moi-dem-nho-cho-thue-may-photobooth-luu-dong-trong-dam-cuoi-tiec-cuoi-nam-215251226205735562.chn"", ""https://kenh14.vn/me-bim-sam-lan-dau-dam-lam-dieu-nay-tren-tham-do-215251205180142157.chn"", ""https://kenh14.vn/mon-hai-san-quang-ninh-an-nham-la-kich-doc-nhung-van-khien-dan-sanh-an-me-man-215251217181042468.chn"", ""https://kenh14.vn/ngo-thanh-van-sam-cung-me-chiec-may-danh-cho-hoi-nha-giau-doc-xong-cong-dung-ai-cung-muon-rinh-ve-215250721121343046.chn"", ""https://kenh14.vn/nhin-lai-nhung-drama-the-thao-nam-2025-tu-vu-bong-chuyen-bi-xu-thua-gay-soc-den-man-gian-lan-chan-dong-sea-games-215251226163007428.chn"", ""https://kenh14.vn/nhin-tuong-co-sinh-vien-nao-nhung-hoa-ra-my-nhan-nay-da-u40-5-mon-thoi-trang-chinh-la-chia-khoa-hack-tuoi-215251224223127129.chn"", ""https://kenh14.vn/nong-chay-nha-giua-dem-khuya-4-nguoi-trong-gia-dinh-tu-vong-21525122707315584.chn"", ""https://kenh14.vn/sam-lo-bung-bau-lan-2-215250630225630609.chn"", ""https://kenh14.vn/shopee-phu-song-thang-11-voi-chuoi-hoat-dong-giai-tri-luu-ngay-lich-xem-san-khau-am-nhac-livestream-va-series-video-moi-215251110172654.chn"", ""https://kenh14.vn/tom-tat-trend-2025-dung-google-maps-tro-ve-qua-khu-book-tram-ty-chup-len-cuoi-nam-vua-chay-deadline-vua-khoc-215251227080403473.chn""]"
Ninh Dương Lan Ngọc,21,"[""https://kenh14.vn/10-nu-dien-vien-dep-nhat-viet-nam-kim-tuyen-phuong-anh-dao-out-top-hang-1-nhan-sac-tren-ca-tuyet-voi-21525120801354492.chn"", ""https://kenh14.vn/5-my-nhan-co-trang-dep-nhat-viet-nam-lan-ngoc-chi-xep-thu-4-hang-1-dung-chuan-khuon-vang-thuoc-ngoc-215251121122805941.chn"", ""https://kenh14.vn/5-nu-than-thanh-xuan-dep-nhat-viet-nam-lan-ngoc-xep-sau-nha-phuong-hang-1-dung-chuan-xe-truyen-ngon-tinh-buoc-ra-215251201011701917.chn"", ""https://kenh14.vn/chiec-vay-300-trieu-dong-cua-ninh-duong-lan-ngoc-215251209214102401.chn"", ""https://kenh14.vn/chinh-thuc-trai-nghiem-kenh14-theo-cach-hoan-toan-moi-tu-hom-nay-giao-dien-stream-20160926151850618.chn"", ""https://kenh14.vn/di-lam-ca-nam-khong-no-nan-van-trang-tay-215251226221136756.chn"", ""https://kenh14.vn/dien-mao-khac-thuong-cua-ninh-duong-lan-ngoc-chinh-chu-cung-phai-thua-nhan-215251224091757253.chn"", ""https://kenh14.vn/gap-chu-xe-om-bi-lan-truyen-sai-su-that-tren-mang-tiet-lo-ve-2-chiec-xe-pcx-va-sh-trong-nha-215251226214552863.chn"", ""https://kenh14.vn/hang-chuc-ty-dong-duoc-chuyen-cho-nguoi-khong-quen-biet-sau-2-dam-cuoi-tai-phiet-an-tuong-nhat-nam-2025-215251226201144821.chn"", ""https://kenh14.vn/hoang-duc-gianh-cu-dup-giai-thuong-tai-qua-bong-vang-2025-hotboy-dinh-bac-gianh-qua-bong-bac-215251226223314656.chn"", ""https://kenh14.vn/hoc-duong/ban-tin-46.chn"", ""https://kenh14.vn/huong-tram-neu-chuong-trinh-thuc-te-khai-thac-dung-con-nguoi-that-khong-biet-con-fan-khong-215251227001244062.chn"", ""https://kenh14.vn/khong-the-chap-nhan-day-la-ninh-duong-lan-ngoc-21525111702243511.chn"", ""https://kenh14.vn/kiem-5-7-trieu-dong-moi-dem-nho-cho-thue-may-photobooth-luu-dong-trong-dam-cuoi-tiec-cuoi-nam-215251226205735562.chn"", ""https://kenh14.vn/my-nhan-viet-duy-nhat-dong-chinh-phim-han-nguoi-dau-dep-dien-dao-khong-lam-minh-tinh-thi-lam-gi-215251130124739634.chn"", ""https://kenh14.vn/nhin-lai-nhung-drama-the-thao-nam-2025-tu-vu-bong-chuyen-bi-xu-thua-gay-soc-den-man-gian-lan-chan-dong-sea-games-215251226163007428.chn"", ""https://kenh14.vn/ninh-duong-lan-ngoc-co-tin-vui-215251209160737317.chn"", ""https://kenh14.vn/nong-chay-nha-giua-dem-khuya-4-nguoi-trong-gia-dinh-tu-vong-21525122707315584.chn"", ""https://kenh14.vn/tinh-trang-hien-tai-cua-ninh-duong-lan-ngoc-215251204075320921.chn"", ""https://kenh14.vn/tom-tat-trend-2025-dung-google-maps-tro-ve-qua-khu-book-tram-ty-chup-len-cuoi-nam-vua-chay-deadline-vua-khoc-215251227080403473.chn"", ""https://kenh14.vn/vbiz-hien-tai-khong-ai-co-nu-cuoi-dep-hon-the-nay-vua-he-moi-da-thanh-huyen-thoai-bang-van-nam-cung-phai-tan-chay-215251214184552087.chn""]"
Diệp Lê,21,"[""https://kenh14.vn/bung-no-drama-ve-diep-le-chuyen-gi-day-21524111015555721.chn"", ""https://kenh14.vn/cai-ket-vien-man-cho-chuyen-tinh-cua-cap-doi-diep-le-danny-voi-le-gia-tien-day-xuc-dong-215250704154440601.chn"", ""https://kenh14.vn/chi-gan-300-trieu-cho-bo-anh-cuoi-phu-ba-trieu-do-khien-dan-tinh-choang-ngop-voi-hang-loat-con-so-215250604123510704.chn"", ""https://kenh14.vn/chinh-thuc-trai-nghiem-kenh14-theo-cach-hoan-toan-moi-tu-hom-nay-giao-dien-stream-20160926151850618.chn"", ""https://kenh14.vn/di-lam-ca-nam-khong-no-nan-van-trang-tay-215251226221136756.chn"", ""https://kenh14.vn/diep-le-duoc-chong-mua-tang-3-mieng-dat-lien-ke-chi-sau-1-cu-tag-giao-keo-hon-nhan-sau-do-moi-soc-215241102085949826.chn"", ""https://kenh14.vn/gap-chu-xe-om-bi-lan-truyen-sai-su-that-tren-mang-tiet-lo-ve-2-chiec-xe-pcx-va-sh-trong-nha-215251226214552863.chn"", ""https://kenh14.vn/hang-chuc-ty-dong-duoc-chuyen-cho-nguoi-khong-quen-biet-sau-2-dam-cuoi-tai-phiet-an-tuong-nhat-nam-2025-215251226201144821.chn"", ""https://kenh14.vn/hoang-duc-gianh-cu-dup-giai-thuong-tai-qua-bong-vang-2025-hotboy-dinh-bac-gianh-qua-bong-bac-215251226223314656.chn"", ""https://kenh14.vn/hoc-duong/ban-tin-46.chn"", ""https://kenh14.vn/huong-tram-neu-chuong-trinh-thuc-te-khai-thac-dung-con-nguoi-that-khong-biet-con-fan-khong-215251227001244062.chn"", ""https://kenh14.vn/kiem-5-7-trieu-dong-moi-dem-nho-cho-thue-may-photobooth-luu-dong-trong-dam-cuoi-tiec-cuoi-nam-215251226205735562.chn"", ""https://kenh14.vn/nhin-lai-nhung-drama-the-thao-nam-2025-tu-vu-bong-chuyen-bi-xu-thua-gay-soc-den-man-gian-lan-chan-dong-sea-games-215251226163007428.chn"", ""https://kenh14.vn/nong-chay-nha-giua-dem-khuya-4-nguoi-trong-gia-dinh-tu-vong-21525122707315584.chn"", ""https://kenh14.vn/soc-nhiet-vi-do-dau-tu-cua-diep-le-tang-2-luong-vang-trong-phien-livestream-20240603164146351.chn"", ""https://kenh14.vn/tam-ly-nhu-diep-le-bay-sang-tan-han-mang-loat-deal-xin-ve-cho-hoi-san-sale-ngay-4-4-20240403170102509.chn"", ""https://kenh14.vn/tom-tat-trend-2025-dung-google-maps-tro-ve-qua-khu-book-tram-ty-chup-len-cuoi-nam-vua-chay-deadline-vua-khoc-215251227080403473.chn"", ""https://kenh14.vn/tron-ven-dam-cuoi-rieng-tu-diep-le-va-chong-kem-tuoi-khach-moi-duoc-bao-tron-qua-thai-lan-du-tiec-trong-2-ngay-20240712074052249.chn"", ""https://kenh14.vn/tung-lap-ky-luc-voi-doanh-so-livestream-1-trieu-do-diep-le-giau-co-nao-20240306180031822.chn"", ""https://kenh14.vn/vang-dang-dat-dinh-diep-le-duoc-chong-sap-cuoi-tang-suong-suong-hon-8-cay-vang-ngay-tren-song-livestream-20240309132505765.chn"", ""https://kenh14.vn/vu-diep-le-ban-nuoc-hoa-cao-cap-voi-gia-nga-cay-re-nhu-hang-fake-chinh-chu-len-tieng-thi-la-fake-that-do-20240514211731891.chn""]"
Fabo Nguyễn,21,"[""https://kenh14.vn/cap-the-luc-nhi-corbin-va-bona-cu-gap-nhau-la-netizen-tha-tim-ran-ran-bo-me-deu-giau-co-va-noi-tieng-20230927075832941.chn"", ""https://kenh14.vn/chinh-thuc-trai-nghiem-kenh14-theo-cach-hoan-toan-moi-tu-hom-nay-giao-dien-stream-20160926151850618.chn"", ""https://kenh14.vn/cho-nguoi-la-so-dien-thoai-co-gai-boc-trung-sit-rit-thieu-gia-con-chu-tich-sai-thanh-cuoi-ve-moi-bat-ngo-hon-nua-215250814184220042.chn"", ""https://kenh14.vn/choang-vang-voi-ong-chong-dai-gia-sai-thanh-vo-cham-vao-cai-gi-hon-10-giay-la-mua-het-nhin-hoa-don-ma-het-hon-20231124171400167.chn"", ""https://kenh14.vn/con-dau-ong-trum-dien-tu-lot-vao-camera-thuong-co-xinh-nhu-anh-mang-20230512153113414.chn"", ""https://kenh14.vn/con-dau-ong-trum-dien-tu-sai-gon-moi-nam-co-mot-guong-mat-moi-215250820110325743.chn"", ""https://kenh14.vn/di-lam-ca-nam-khong-no-nan-van-trang-tay-215251226221136756.chn"", ""https://kenh14.vn/gap-chu-xe-om-bi-lan-truyen-sai-su-that-tren-mang-tiet-lo-ve-2-chiec-xe-pcx-va-sh-trong-nha-215251226214552863.chn"", ""https://kenh14.vn/gia-the-khung-cua-rich-kid-thu-thach-lon-khon-2-bo-la-con-trai-ong-trum-dien-tu-me-la-hot-girl-noi-tieng-20221211200526619.chn"", ""https://kenh14.vn/hang-chuc-ty-dong-duoc-chuyen-cho-nguoi-khong-quen-biet-sau-2-dam-cuoi-tai-phiet-an-tuong-nhat-nam-2025-215251226201144821.chn"", ""https://kenh14.vn/hoang-duc-gianh-cu-dup-giai-thuong-tai-qua-bong-vang-2025-hotboy-dinh-bac-gianh-qua-bong-bac-215251226223314656.chn"", ""https://kenh14.vn/hoc-duong/ban-tin-46.chn"", ""https://kenh14.vn/huong-tram-neu-chuong-trinh-thuc-te-khai-thac-dung-con-nguoi-that-khong-biet-con-fan-khong-215251227001244062.chn"", ""https://kenh14.vn/kiem-5-7-trieu-dong-moi-dem-nho-cho-thue-may-photobooth-luu-dong-trong-dam-cuoi-tiec-cuoi-nam-215251226205735562.chn"", ""https://kenh14.vn/nhin-lai-nhung-drama-the-thao-nam-2025-tu-vu-bong-chuyen-bi-xu-thua-gay-soc-den-man-gian-lan-chan-dong-sea-games-215251226163007428.chn"", ""https://kenh14.vn/nong-chay-nha-giua-dem-khuya-4-nguoi-trong-gia-dinh-tu-vong-21525122707315584.chn"", ""https://kenh14.vn/thieu-gia-nha-ong-trum-dien-tu-dan-vo-di-su-kien-ghi-diem-voi-hanh-dong-tinh-te-20230823110239541.chn"", ""https://kenh14.vn/tom-tat-trend-2025-dung-google-maps-tro-ve-qua-khu-book-tram-ty-chup-len-cuoi-nam-vua-chay-deadline-vua-khoc-215251227080403473.chn"", ""https://kenh14.vn/vo-chong-ong-trum-dien-tu-tiet-lo-moi-quan-he-voi-con-dau-dua-ra-3-dieu-kien-truoc-khi-con-trai-cuoi-vo-20231123154702655.chn"", ""https://kenh14.vn/vo-fabo-nguyen-chia-se-luu-y-khi-giao-con-trai-cho-ba-vu-cham-soc-20230112145512662.chn"", ""https://kenh14.vn/vo-tu-cho-nguoi-la-so-dien-thoai-co-gai-khong-ngo-gap-duoc-phu-nhi-dai-va-co-cuoc-song-hon-nhan-van-nguoi-mo-20230309185718659.chn""]"
Quỳnh Anh Shyn,21,"[""https://kenh14.vn/bung-ngan-mo-gay-soc-bi-vach-tran-o-concert-em-xinh-215251012134814068.chn"", ""https://kenh14.vn/chinh-thuc-trai-nghiem-kenh14-theo-cach-hoan-toan-moi-tu-hom-nay-giao-dien-stream-20160926151850618.chn"", ""https://kenh14.vn/concert-em-xinh-say-hi-tai-my-dinh-thap-thom-suot-nhieu-ngay-vi-mua-ngap-nhung-cuoi-cung-trom-via-qua-215251012111447065.chn"", ""https://kenh14.vn/dan-sao-viet-choi-halloween-khong-nhan-ra-noi-quynh-anh-shyn-2-anh-trai-cung-nhau-lam-vay-cung-duoc-ha-215251030123535116.chn"", ""https://kenh14.vn/di-lam-ca-nam-khong-no-nan-van-trang-tay-215251226221136756.chn"", ""https://kenh14.vn/gap-chu-xe-om-bi-lan-truyen-sai-su-that-tren-mang-tiet-lo-ve-2-chiec-xe-pcx-va-sh-trong-nha-215251226214552863.chn"", ""https://kenh14.vn/hang-chuc-ty-dong-duoc-chuyen-cho-nguoi-khong-quen-biet-sau-2-dam-cuoi-tai-phiet-an-tuong-nhat-nam-2025-215251226201144821.chn"", ""https://kenh14.vn/hoang-duc-gianh-cu-dup-giai-thuong-tai-qua-bong-vang-2025-hotboy-dinh-bac-gianh-qua-bong-bac-215251226223314656.chn"", ""https://kenh14.vn/hoc-duong/ban-tin-46.chn"", ""https://kenh14.vn/huong-tram-neu-chuong-trinh-thuc-te-khai-thac-dung-con-nguoi-that-khong-biet-con-fan-khong-215251227001244062.chn"", ""https://kenh14.vn/khong-phan-biet-duoc-dau-la-quynh-anh-shyn-dau-la-jisoo-215251119104546456.chn"", ""https://kenh14.vn/kiem-5-7-trieu-dong-moi-dem-nho-cho-thue-may-photobooth-luu-dong-trong-dam-cuoi-tiec-cuoi-nam-215251226205735562.chn"", ""https://kenh14.vn/nghi-gi-ma-tha-phan-no-vinamilk-vay-215251031215119622.chn"", ""https://kenh14.vn/nhin-lai-nhung-drama-the-thao-nam-2025-tu-vu-bong-chuyen-bi-xu-thua-gay-soc-den-man-gian-lan-chan-dong-sea-games-215251226163007428.chn"", ""https://kenh14.vn/nong-chay-nha-giua-dem-khuya-4-nguoi-trong-gia-dinh-tu-vong-21525122707315584.chn"", ""https://kenh14.vn/quynh-anh-shyn-hoc-thanh-nhac-cap-toc-trong-2-thang-cung-giao-vien-voi-chau-bui-215251109110620715.chn"", ""https://kenh14.vn/quynh-anh-shyn-xin-loi-go-gap-bo-anh-halloween-ong-tho-gay-tranh-cai-215251030231827235.chn"", ""https://kenh14.vn/tom-tat-trend-2025-dung-google-maps-tro-ve-qua-khu-book-tram-ty-chup-len-cuoi-nam-vua-chay-deadline-vua-khoc-215251227080403473.chn"", ""https://kenh14.vn/tren-tay-quynh-anh-shyn-la-2-cai-vong-bac-bi-ke-cap-bo-lai-215251016094148342.chn"", ""https://kenh14.vn/tu-bo-hinh-ong-tho-halloween-cua-quynh-anh-shyn-bai-hoc-khi-sang-tao-khong-doc-ky-nhan-mac-21525103115244189.chn"", ""https://kenh14.vn/vinamilk-dung-215253110150118293.chn""]"
Lê Bống,21,"[""https://kenh14.vn/chinh-thuc-trai-nghiem-kenh14-theo-cach-hoan-toan-moi-tu-hom-nay-giao-dien-stream-20160926151850618.chn"", ""https://kenh14.vn/chua-bao-gio-le-bong-duoc-khen-nhieu-the-nay-215251211113336057.chn"", ""https://kenh14.vn/clip-le-bong-khoe-nha-rieng-5-trieu-nguoi-choang-vang-215251611093534679.chn"", ""https://kenh14.vn/cuoc-thi-ai-thuc-chien-2025-to-chuc-unitour-tai-ha-noi-215250915122329946.chn"", ""https://kenh14.vn/di-lam-ca-nam-khong-no-nan-van-trang-tay-215251226221136756.chn"", ""https://kenh14.vn/gap-chu-xe-om-bi-lan-truyen-sai-su-that-tren-mang-tiet-lo-ve-2-chiec-xe-pcx-va-sh-trong-nha-215251226214552863.chn"", ""https://kenh14.vn/hang-chuc-ty-dong-duoc-chuyen-cho-nguoi-khong-quen-biet-sau-2-dam-cuoi-tai-phiet-an-tuong-nhat-nam-2025-215251226201144821.chn"", ""https://kenh14.vn/hiem-lam-moi-co-my-nhan-viet-de-mat-moc-dep-khong-loi-thoat-bao-sao-10-trieu-fan-say-nhu-dieu-do-215250831075731006.chn"", ""https://kenh14.vn/hoang-duc-gianh-cu-dup-giai-thuong-tai-qua-bong-vang-2025-hotboy-dinh-bac-gianh-qua-bong-bac-215251226223314656.chn"", ""https://kenh14.vn/hoc-duong/ban-tin-46.chn"", ""https://kenh14.vn/hoc-van-cua-le-bong-215251127160139052.chn"", ""https://kenh14.vn/huong-tram-neu-chuong-trinh-thuc-te-khai-thac-dung-con-nguoi-that-khong-biet-con-fan-khong-215251227001244062.chn"", ""https://kenh14.vn/kiem-5-7-trieu-dong-moi-dem-nho-cho-thue-may-photobooth-luu-dong-trong-dam-cuoi-tiec-cuoi-nam-215251226205735562.chn"", ""https://kenh14.vn/le-bong-khoc-tuc-tuoi-khi-doc-sach-1-diem-bat-thuong-lo-ra-215251212141023007.chn"", ""https://kenh14.vn/nhin-lai-nhung-drama-the-thao-nam-2025-tu-vu-bong-chuyen-bi-xu-thua-gay-soc-den-man-gian-lan-chan-dong-sea-games-215251226163007428.chn"", ""https://kenh14.vn/nong-chay-nha-giua-dem-khuya-4-nguoi-trong-gia-dinh-tu-vong-21525122707315584.chn"", ""https://kenh14.vn/phat-hien-1-my-nhan-viet-dong-chinh-phim-trung-quoc-visual-dep-hon-trieu-le-dinh-bao-sao-co-tan-10-trieu-fan-215251203021321743.chn"", ""https://kenh14.vn/tai-san-o-tuoi-30-cua-tiktoker-viet-dong-phim-trung-quoc-215251203192309132.chn"", ""https://kenh14.vn/tom-tat-trend-2025-dung-google-maps-tro-ve-qua-khu-book-tram-ty-chup-len-cuoi-nam-vua-chay-deadline-vua-khoc-215251227080403473.chn"", ""https://kenh14.vn/tung-so-huu-nhung-man-cosplay-game-khien-fan-nam-dieu-dung-hot-girl-gio-day-chinh-phuc-phim-gio-vang-215250414212405843.chn"", ""https://kenh14.vn/vbiz-hiem-ai-cu-xuat-hien-la-bi-doi-cat-song-nhu-co-gai-nay-nang-luc-cham-day-thi-xinh-may-cung-khong-me-noi-21525080212230277.chn""]"
Ciin,21,"[""https://kenh14.vn/bup-be-dao-keo-viet-nam-moi-thang-thay-1-guong-mat-hoc-lisa-mat-quan-sieu-ngan-nhung-the-tham-215250918083801849.chn"", ""https://kenh14.vn/chinh-thuc-trai-nghiem-kenh14-theo-cach-hoan-toan-moi-tu-hom-nay-giao-dien-stream-20160926151850618.chn"", ""https://kenh14.vn/chuyen-gi-day-1-anh-trai-say-hi-cong-khai-dang-anh-hon-ma-noi-loi-yeu-voi-hot-tiktoker-ciin-215251115105243113.chn"", ""https://kenh14.vn/di-lam-ca-nam-khong-no-nan-van-trang-tay-215251226221136756.chn"", ""https://kenh14.vn/gap-chu-xe-om-bi-lan-truyen-sai-su-that-tren-mang-tiet-lo-ve-2-chiec-xe-pcx-va-sh-trong-nha-215251226214552863.chn"", ""https://kenh14.vn/guong-mat-truoc-khi-dung-dao-keo-cua-dan-bup-be-tham-my-215251121100725596.chn"", ""https://kenh14.vn/hang-chuc-ty-dong-duoc-chuyen-cho-nguoi-khong-quen-biet-sau-2-dam-cuoi-tai-phiet-an-tuong-nhat-nam-2025-215251226201144821.chn"", ""https://kenh14.vn/hau-truong-live-stage-4-anh-trai-say-hi-he-lo-ogenus-roi-nuoc-mat-khi-noi-ve-me-lau-roi-khong-khoc-nhu-the-nay-21525111911380035.chn"", ""https://kenh14.vn/hoang-duc-gianh-cu-dup-giai-thuong-tai-qua-bong-vang-2025-hotboy-dinh-bac-gianh-qua-bong-bac-215251226223314656.chn"", ""https://kenh14.vn/hoc-duong/ban-tin-46.chn"", ""https://kenh14.vn/huong-tram-neu-chuong-trinh-thuc-te-khai-thac-dung-con-nguoi-that-khong-biet-con-fan-khong-215251227001244062.chn"", ""https://kenh14.vn/kiem-5-7-trieu-dong-moi-dem-nho-cho-thue-may-photobooth-luu-dong-trong-dam-cuoi-tiec-cuoi-nam-215251226205735562.chn"", ""https://kenh14.vn/ne-do-li-cua-ciin-215251202082707239.chn"", ""https://kenh14.vn/nhin-lai-nhung-drama-the-thao-nam-2025-tu-vu-bong-chuyen-bi-xu-thua-gay-soc-den-man-gian-lan-chan-dong-sea-games-215251226163007428.chn"", ""https://kenh14.vn/nong-chay-nha-giua-dem-khuya-4-nguoi-trong-gia-dinh-tu-vong-21525122707315584.chn"", ""https://kenh14.vn/ogenus-len-tieng-ve-drama-giua-me-va-ban-gai-tiktoker-215251128130035042.chn"", ""https://kenh14.vn/rhyder-dang-hen-ho-voi-gai-xinh-97-215251024191714155.chn"", ""https://kenh14.vn/suboi-nhac-thang-ogenus-cac-ban-tre-yeu-ai-khong-duoc-thi-ha-be-nguoi-do-de-nang-minh-len-no-binh-thuong-qua-215251211104525401.chn"", ""https://kenh14.vn/tai-tieng-cua-ciin-215251118210723871.chn"", ""https://kenh14.vn/tom-tat-trend-2025-dung-google-maps-tro-ve-qua-khu-book-tram-ty-chup-len-cuoi-nam-vua-chay-deadline-vua-khoc-215251227080403473.chn"", ""https://kenh14.vn/vua-cong-khai-yeu-ciin-lap-tuc-bi-netizen-tranh-cai-ogenus-im-lang-de-2-dan-anh-ra-mat-dep-loan-215251116161517246.chn""]"
Châu Bùi,21,"[""https://kenh14.vn/1-em-xinh-bi-che-hat-do-hon-chau-bui-nghe-mai-khong-ra-chu-nao-215250930152019518.chn"", ""https://kenh14.vn/8-nhan-sac-viet-nhu-ai-tao-ra-vi-khong-gia-suot-10-nam-sao-nu-mua-do-xep-thu-may-215250914131055938.chn"", ""https://kenh14.vn/binz-cuc-suy-giua-dem-vi-chau-bui-hay-toc-tien-touliver-215251026085350986.chn"", ""https://kenh14.vn/chau-bui-va-dan-em-xinh-lu-mo-vi-1-nhan-vat-lam-co-nao-cung-khong-lay-duoc-spotlight-215250914201140721.chn"", ""https://kenh14.vn/chinh-thuc-trai-nghiem-kenh14-theo-cach-hoan-toan-moi-tu-hom-nay-giao-dien-stream-20160926151850618.chn"", ""https://kenh14.vn/co-ai-tin-day-la-chau-bui-khong-kheo-binz-con-nhan-khong-ra-215251030153125957.chn"", ""https://kenh14.vn/concert-em-xinh-say-hi-tai-my-dinh-thap-thom-suot-nhieu-ngay-vi-mua-ngap-nhung-cuoi-cung-trom-via-qua-215251012111447065.chn"", ""https://kenh14.vn/cu-chuyen-minh-tao-bao-cua-fashion-icon-chau-bui-215250914175830817.chn"", ""https://kenh14.vn/di-lam-ca-nam-khong-no-nan-van-trang-tay-215251226221136756.chn"", ""https://kenh14.vn/gap-chu-xe-om-bi-lan-truyen-sai-su-that-tren-mang-tiet-lo-ve-2-chiec-xe-pcx-va-sh-trong-nha-215251226214552863.chn"", ""https://kenh14.vn/hang-chuc-ty-dong-duoc-chuyen-cho-nguoi-khong-quen-biet-sau-2-dam-cuoi-tai-phiet-an-tuong-nhat-nam-2025-215251226201144821.chn"", ""https://kenh14.vn/hoang-duc-gianh-cu-dup-giai-thuong-tai-qua-bong-vang-2025-hotboy-dinh-bac-gianh-qua-bong-bac-215251226223314656.chn"", ""https://kenh14.vn/hoc-duong/ban-tin-46.chn"", ""https://kenh14.vn/huong-tram-neu-chuong-trinh-thuc-te-khai-thac-dung-con-nguoi-that-khong-biet-con-fan-khong-215251227001244062.chn"", ""https://kenh14.vn/kiem-5-7-trieu-dong-moi-dem-nho-cho-thue-may-photobooth-luu-dong-trong-dam-cuoi-tiec-cuoi-nam-215251226205735562.chn"", ""https://kenh14.vn/nhin-lai-nhung-drama-the-thao-nam-2025-tu-vu-bong-chuyen-bi-xu-thua-gay-soc-den-man-gian-lan-chan-dong-sea-games-215251226163007428.chn"", ""https://kenh14.vn/nong-chay-nha-giua-dem-khuya-4-nguoi-trong-gia-dinh-tu-vong-21525122707315584.chn"", ""https://kenh14.vn/quynh-anh-shyn-hoc-thanh-nhac-cap-toc-trong-2-thang-cung-giao-vien-voi-chau-bui-215251109110620715.chn"", ""https://kenh14.vn/song-hye-kyo-viet-nam-lai-sao-nua-day-215251025080621205.chn"", ""https://kenh14.vn/su-kien-hot-nhat-hom-nay-chau-bui-gay-nao-loan-voi-trang-phuc-tao-bao-chi-pu-tinh-tu-voi-1-my-nam-215251210190251604.chn"", ""https://kenh14.vn/tom-tat-trend-2025-dung-google-maps-tro-ve-qua-khu-book-tram-ty-chup-len-cuoi-nam-vua-chay-deadline-vua-khoc-215251227080403473.chn""]"
Phương Mỹ Chi,21,"[""https://kenh14.vn/canh-bac-tai-san-my-dinh-215251014115331618.chn"", ""https://kenh14.vn/chinh-thuc-trai-nghiem-kenh14-theo-cach-hoan-toan-moi-tu-hom-nay-giao-dien-stream-20160926151850618.chn"", ""https://kenh14.vn/con-so-out-trinh-cua-phuong-my-chi-11ty-nam-nam-trong-long-ban-tay-215251020072251791.chn"", ""https://kenh14.vn/di-lam-ca-nam-khong-no-nan-van-trang-tay-215251226221136756.chn"", ""https://kenh14.vn/gap-chu-xe-om-bi-lan-truyen-sai-su-that-tren-mang-tiet-lo-ve-2-chiec-xe-pcx-va-sh-trong-nha-215251226214552863.chn"", ""https://kenh14.vn/hang-chuc-ty-dong-duoc-chuyen-cho-nguoi-khong-quen-biet-sau-2-dam-cuoi-tai-phiet-an-tuong-nhat-nam-2025-215251226201144821.chn"", ""https://kenh14.vn/hoang-duc-gianh-cu-dup-giai-thuong-tai-qua-bong-vang-2025-hotboy-dinh-bac-gianh-qua-bong-bac-215251226223314656.chn"", ""https://kenh14.vn/hoc-duong/ban-tin-46.chn"", ""https://kenh14.vn/huong-tram-neu-chuong-trinh-thuc-te-khai-thac-dung-con-nguoi-that-khong-biet-con-fan-khong-215251227001244062.chn"", ""https://kenh14.vn/khong-can-noi-phuong-my-chi-215251016160048545.chn"", ""https://kenh14.vn/kiem-5-7-trieu-dong-moi-dem-nho-cho-thue-may-photobooth-luu-dong-trong-dam-cuoi-tiec-cuoi-nam-215251226205735562.chn"", ""https://kenh14.vn/mot-dieu-ma-it-ai-lam-duoc-nhung-phuong-my-chi-thi-co-215251217225703828.chn"", ""https://kenh14.vn/ngai-het-ca-phuong-my-chi-215251103072230867.chn"", ""https://kenh14.vn/ngan-nay-sao-viet-thang-hang-visual-nho-mua-thu-han-quoc-dien-anh-qua-roi-215251121101305618.chn"", ""https://kenh14.vn/nhin-lai-nhung-drama-the-thao-nam-2025-tu-vu-bong-chuyen-bi-xu-thua-gay-soc-den-man-gian-lan-chan-dong-sea-games-215251226163007428.chn"", ""https://kenh14.vn/nong-chay-nha-giua-dem-khuya-4-nguoi-trong-gia-dinh-tu-vong-21525122707315584.chn"", ""https://kenh14.vn/phuong-my-chi-dao-nay-la-lam-215251212212331849.chn"", ""https://kenh14.vn/thiet-thoi-cho-phuong-my-chi-215251122172927075.chn"", ""https://kenh14.vn/toan-trai-xinh-gai-dep-du-trend-nay-hot-tu-han-sang-viet-soobin-noo-phuoc-thinh-chiu-thua-my-nhan-gen-z-nay-21525121711583455.chn"", ""https://kenh14.vn/tom-tat-trend-2025-dung-google-maps-tro-ve-qua-khu-book-tram-ty-chup-len-cuoi-nam-vua-chay-deadline-vua-khoc-215251227080403473.chn"", ""https://kenh14.vn/van-xui-deo-bam-phuong-my-chi-215251022152309313.chn""]"
diễn viên Duy Khánh,18,"[""https://kenh14.vn/1-nam-sao-vbiz-gay-hoang-mang-khi-lo-lung-chi-chit-vet-do-bam-nguyen-nhan-nhanh-chong-duoc-chinh-chu-he-lo-20210804213301101.chn"", ""https://kenh14.vn/chinh-thuc-trai-nghiem-kenh14-theo-cach-hoan-toan-moi-tu-hom-nay-giao-dien-stream-20160926151850618.chn"", ""https://kenh14.vn/choang-voi-man-lot-xac-cua-sao-vbiz-du-trend-ngay-ay-bay-gio-ninh-duong-lan-ngoc-10-nam-khong-thay-doi-1-diem-20210908171353186.chn"", ""https://kenh14.vn/di-lam-ca-nam-khong-no-nan-van-trang-tay-215251226221136756.chn"", ""https://kenh14.vn/duy-khanh-goi-dien-tam-su-2-tieng-dong-ho-voi-1-sao-nu-vbiz-bong-30-phut-doc-thoai-va-nghe-am-thanh-la-20240524104206694.chn"", ""https://kenh14.vn/gap-chu-xe-om-bi-lan-truyen-sai-su-that-tren-mang-tiet-lo-ve-2-chiec-xe-pcx-va-sh-trong-nha-215251226214552863.chn"", ""https://kenh14.vn/hang-chuc-ty-dong-duoc-chuyen-cho-nguoi-khong-quen-biet-sau-2-dam-cuoi-tai-phiet-an-tuong-nhat-nam-2025-215251226201144821.chn"", ""https://kenh14.vn/hoang-duc-gianh-cu-dup-giai-thuong-tai-qua-bong-vang-2025-hotboy-dinh-bac-gianh-qua-bong-bac-215251226223314656.chn"", ""https://kenh14.vn/hoc-duong/ban-tin-46.chn"", ""https://kenh14.vn/hoi-sao-viet-mua-sam-khong-can-xem-gia-ket-nap-them-duy-khanh-mot-lan-shopping-ca-dong-hang-hieu-nhin-qua-da-thay-dat-do-20200225095120324.chn"", ""https://kenh14.vn/huong-tram-neu-chuong-trinh-thuc-te-khai-thac-dung-con-nguoi-that-khong-biet-con-fan-khong-215251227001244062.chn"", ""https://kenh14.vn/kiem-5-7-trieu-dong-moi-dem-nho-cho-thue-may-photobooth-luu-dong-trong-dam-cuoi-tiec-cuoi-nam-215251226205735562.chn"", ""https://kenh14.vn/mot-sao-nam-vbiz-bi-don-qua-doi-ai-de-chinh-chu-chi-cuoi-va-thuong-cho-1-nhan-vat-khac-20220404194005704.chn"", ""https://kenh14.vn/nhin-lai-nhung-drama-the-thao-nam-2025-tu-vu-bong-chuyen-bi-xu-thua-gay-soc-den-man-gian-lan-chan-dong-sea-games-215251226163007428.chn"", ""https://kenh14.vn/nong-chay-nha-giua-dem-khuya-4-nguoi-trong-gia-dinh-tu-vong-21525122707315584.chn"", ""https://kenh14.vn/sao-nam-vbiz-gap-su-co-tut-quan-o-su-kien-xu-ly-the-nao-khi-ong-kinh-may-anh-vay-tu-phia-20220407095415612.chn"", ""https://kenh14.vn/tom-tat-trend-2025-dung-google-maps-tro-ve-qua-khu-book-tram-ty-chup-len-cuoi-nam-vua-chay-deadline-vua-khoc-215251227080403473.chn"", ""https://kenh14.vn/vua-dang-loat-anh-gia-gai-duy-khanh-lai-nhan-con-mua-loi-khen-vi-qua-xinh-sao-na-na-min-va-lisa-the-nay-20200302162342043.chn""]"
Misthy,21,"[""https://kenh14.vn/1-chi-dep-roi-rit-dap-dau-xin-loi-10001-lan-vi-lo-anti-negav-215250915182133056.chn"", ""https://kenh14.vn/1-chi-dep-tuyen-bo-hat-nhep-gay-tranh-cai-215251021095317863.chn"", ""https://kenh14.vn/bat-gap-sao-nu-vbiz-le-bong-ra-ve-giua-nghi-van-duong-ai-nay-di-voi-nguoi-yeu-dong-gioi-7-nam-215250416204158976.chn"", ""https://kenh14.vn/chi-dep-khoe-duplex-moi-coong-o-tuoi-29-thu-nhan-phong-bat-hut-gan-1-trieu-luot-xem-21525041816355518.chn"", ""https://kenh14.vn/chinh-thuc-trai-nghiem-kenh14-theo-cach-hoan-toan-moi-tu-hom-nay-giao-dien-stream-20160926151850618.chn"", ""https://kenh14.vn/chuyen-tinh-cua-misthy-tren-bo-vuc-ran-nut-trum-cuoi-co-hanh-dong-khong-ngo-21525041821194791.chn"", ""https://kenh14.vn/dan-chi-dep-khoc-den-troi-nen-lan-nhay-truon-bo-khien-fan-mat-kiem-soat-ngon-tu-215250607173318879.chn"", ""https://kenh14.vn/di-lam-ca-nam-khong-no-nan-van-trang-tay-215251226221136756.chn"", ""https://kenh14.vn/gap-chu-xe-om-bi-lan-truyen-sai-su-that-tren-mang-tiet-lo-ve-2-chiec-xe-pcx-va-sh-trong-nha-215251226214552863.chn"", ""https://kenh14.vn/hang-chuc-ty-dong-duoc-chuyen-cho-nguoi-khong-quen-biet-sau-2-dam-cuoi-tai-phiet-an-tuong-nhat-nam-2025-215251226201144821.chn"", ""https://kenh14.vn/hoang-duc-gianh-cu-dup-giai-thuong-tai-qua-bong-vang-2025-hotboy-dinh-bac-gianh-qua-bong-bac-215251226223314656.chn"", ""https://kenh14.vn/hoc-duong/ban-tin-46.chn"", ""https://kenh14.vn/huong-tram-neu-chuong-trinh-thuc-te-khai-thac-dung-con-nguoi-that-khong-biet-con-fan-khong-215251227001244062.chn"", ""https://kenh14.vn/kiem-5-7-trieu-dong-moi-dem-nho-cho-thue-may-photobooth-luu-dong-trong-dam-cuoi-tiec-cuoi-nam-215251226205735562.chn"", ""https://kenh14.vn/lau-lam-moi-thay-tham-do-thoi-trang-chat-the-nay-dan-sao-viet-tu-tin-tha-dang-it-ca-nao-phai-che-215252106082013013.chn"", ""https://kenh14.vn/minh-hang-gap-su-co-suyt-lo-vong-1-khi-du-luon-cung-toc-tien-touliver-xem-vo-lam-xiec-ma-cung-nguoi-215250605104842888.chn"", ""https://kenh14.vn/nhin-lai-nhung-drama-the-thao-nam-2025-tu-vu-bong-chuyen-bi-xu-thua-gay-soc-den-man-gian-lan-chan-dong-sea-games-215251226163007428.chn"", ""https://kenh14.vn/nong-chay-nha-giua-dem-khuya-4-nguoi-trong-gia-dinh-tu-vong-21525122707315584.chn"", ""https://kenh14.vn/sao-nu-vbiz-chinh-thuc-len-tieng-ve-tin-toang-voi-nguoi-yeu-dong-gioi-sau-7-nam-yeu-215250417092148391.chn"", ""https://kenh14.vn/thai-do-cua-misthy-khi-duoc-hoi-ve-jack-chuyen-cat-xe-dong-chung-mv-370-trieu-view-rut-cuoc-la-the-nao-215250607181938083.chn"", ""https://kenh14.vn/tom-tat-trend-2025-dung-google-maps-tro-ve-qua-khu-book-tram-ty-chup-len-cuoi-nam-vua-chay-deadline-vua-khoc-215251227080403473.chn""]"
Trấn Thành,21,"[""https://kenh14.vn/9-nam-hop-dong-hon-nhan-cua-tran-thanh-va-hari-won-215251226161920187.chn"", ""https://kenh14.vn/chinh-thuc-trai-nghiem-kenh14-theo-cach-hoan-toan-moi-tu-hom-nay-giao-dien-stream-20160926151850618.chn"", ""https://kenh14.vn/dang-sau-loi-don-cach-mat-giua-tran-thanh-thu-trang-truong-giang-215251218101845221.chn"", ""https://kenh14.vn/day-chinh-la-nhan-vat-co-man-tai-xuat-show-thuc-te-vuyp-nhat-nam-2025-215251215155950193.chn"", ""https://kenh14.vn/di-lam-ca-nam-khong-no-nan-van-trang-tay-215251226221136756.chn"", ""https://kenh14.vn/gap-chu-xe-om-bi-lan-truyen-sai-su-that-tren-mang-tiet-lo-ve-2-chiec-xe-pcx-va-sh-trong-nha-215251226214552863.chn"", ""https://kenh14.vn/hang-chuc-ty-dong-duoc-chuyen-cho-nguoi-khong-quen-biet-sau-2-dam-cuoi-tai-phiet-an-tuong-nhat-nam-2025-215251226201144821.chn"", ""https://kenh14.vn/hinh-anh-moi-nhat-cua-tran-thanh-215251224111200979.chn"", ""https://kenh14.vn/hoang-duc-gianh-cu-dup-giai-thuong-tai-qua-bong-vang-2025-hotboy-dinh-bac-gianh-qua-bong-bac-215251226223314656.chn"", ""https://kenh14.vn/hoc-duong/ban-tin-46.chn"", ""https://kenh14.vn/huong-tram-neu-chuong-trinh-thuc-te-khai-thac-dung-con-nguoi-that-khong-biet-con-fan-khong-215251227001244062.chn"", ""https://kenh14.vn/khong-the-tin-noi-tran-thanh-da-den-muc-nay-215251221145204166.chn"", ""https://kenh14.vn/kiem-5-7-trieu-dong-moi-dem-nho-cho-thue-may-photobooth-luu-dong-trong-dam-cuoi-tiec-cuoi-nam-215251226205735562.chn"", ""https://kenh14.vn/nam-nghe-si-tai-san-hon-1000-ti-co-so-thich-la-khong-giong-ai-215251216161953171.chn"", ""https://kenh14.vn/nhin-lai-nhung-drama-the-thao-nam-2025-tu-vu-bong-chuyen-bi-xu-thua-gay-soc-den-man-gian-lan-chan-dong-sea-games-215251226163007428.chn"", ""https://kenh14.vn/nong-chay-nha-giua-dem-khuya-4-nguoi-trong-gia-dinh-tu-vong-21525122707315584.chn"", ""https://kenh14.vn/sang-to-cang-thang-giua-tran-thanh-truong-giang-thu-trang-215251216192422193.chn"", ""https://kenh14.vn/tom-tat-trend-2025-dung-google-maps-tro-ve-qua-khu-book-tram-ty-chup-len-cuoi-nam-vua-chay-deadline-vua-khoc-215251227080403473.chn"", ""https://kenh14.vn/tran-thanh-cang-up-mo-dan-mang-cang-de-bat-bai-21525122517582486.chn"", ""https://kenh14.vn/tran-thanh-muon-duoc-moi-lam-nhung-bo-phim-nhu-mua-do-215251225233053481.chn"", ""https://kenh14.vn/tran-thanh-thua-nhan-len-len-ky-hop-dong-hon-nhan-voi-hari-won-trong-suot-9-nam-215251225160139049.chn""]"
Hariwon,21,"[""https://kenh14.vn/chinh-thuc-trai-nghiem-kenh14-theo-cach-hoan-toan-moi-tu-hom-nay-giao-dien-stream-20160926151850618.chn"", ""https://kenh14.vn/day-la-loat-vay-cuoi-tuong-binh-thuong-nhung-co-chut-bat-thuong-bai-quiz-nay-se-giup-ban-tim-ra-diem-khac-biet-ay-20210601215648582.chn"", ""https://kenh14.vn/di-lam-ca-nam-khong-no-nan-van-trang-tay-215251226221136756.chn"", ""https://kenh14.vn/gap-chu-xe-om-bi-lan-truyen-sai-su-that-tren-mang-tiet-lo-ve-2-chiec-xe-pcx-va-sh-trong-nha-215251226214552863.chn"", ""https://kenh14.vn/hang-chuc-ty-dong-duoc-chuyen-cho-nguoi-khong-quen-biet-sau-2-dam-cuoi-tai-phiet-an-tuong-nhat-nam-2025-215251226201144821.chn"", ""https://kenh14.vn/hariwon-duoc-de-cu-lam-tro-ly-hlv-park-hang-seo-va-nhung-nguoi-dep-gay-sot-lang-bong-dong-nam-a-20180930094210172.chn"", ""https://kenh14.vn/hoang-duc-gianh-cu-dup-giai-thuong-tai-qua-bong-vang-2025-hotboy-dinh-bac-gianh-qua-bong-bac-215251226223314656.chn"", ""https://kenh14.vn/hoc-duong/ban-tin-46.chn"", ""https://kenh14.vn/huong-tram-neu-chuong-trinh-thuc-te-khai-thac-dung-con-nguoi-that-khong-biet-con-fan-khong-215251227001244062.chn"", ""https://kenh14.vn/kiem-5-7-trieu-dong-moi-dem-nho-cho-thue-may-photobooth-luu-dong-trong-dam-cuoi-tiec-cuoi-nam-215251226205735562.chn"", ""https://kenh14.vn/mot-gio-sang-vo-chong-tran-thanh-hariwon-lo-mo-quay-clip-huong-dan-cach-an-sau-rieng-dung-chuan-ma-sao-xem-xong-lai-khong-dam-an-nua-20190911103302765.chn"", ""https://kenh14.vn/netizen-chi-ra-loat-dau-hieu-me-bim-cua-hari-won-van-ap-dung-1-cong-thuc-quen-thuoc-nay-de-giau-dang-20211214214937227.chn"", ""https://kenh14.vn/nhin-lai-nhung-drama-the-thao-nam-2025-tu-vu-bong-chuyen-bi-xu-thua-gay-soc-den-man-gian-lan-chan-dong-sea-games-215251226163007428.chn"", ""https://kenh14.vn/nhung-lan-tai-nan-nau-nuong-cua-sao-viet-amee-tu-nhan-nau-te-hari-won-ran-ha-cao-chay-den-20221130205037069.chn"", ""https://kenh14.vn/nong-chay-nha-giua-dem-khuya-4-nguoi-trong-gia-dinh-tu-vong-21525122707315584.chn"", ""https://kenh14.vn/sieu-tham-do-chau-a-hoa-hau-thuy-tien-so-ke-ac-nu-lim-ji-yeon-tran-thanh-chung-khung-hinh-voi-ca-dan-sao-khung-20231008211316669.chn"", ""https://kenh14.vn/tom-tat-trend-2025-dung-google-maps-tro-ve-qua-khu-book-tram-ty-chup-len-cuoi-nam-vua-chay-deadline-vua-khoc-215251227080403473.chn"", ""https://kenh14.vn/tran-thanh-hao-hung-khoe-khoanh-khac-vi-vu-troi-tay-cung-hari-won-nhung-chi-tiet-bung-to-vuot-mat-moi-la-tam-diem-gay-chu-y-20190529131956776.chn"", ""https://kenh14.vn/tran-thanh-hari-won-bi-chup-len-sau-canh-ga-fan-chang-khen-tinh-tu-ma-xot-xa-vi-thuong-doi-vo-chong-20200306131822086.chn"", ""https://kenh14.vn/tran-thanh-khoe-tin-nhan-bo-khoc-nac-sau-khi-xem-bo-gia-lo-tay-lam-lo-luon-bi-mat-thoi-cap-2-noi-loan-20210305112639752.chn"", ""https://kenh14.vn/web-drama-bo-gia-cua-tran-thanh-bi-dan-tinh-phan-nan-vi-15-phut-quang-cao-5-lan-20200109222619551.chn""]"
Nguyễn Thúc Thùy Tiên,21,"[""https://kenh14.vn/chi-gai-hoa-hau-dang-thu-thao-co-chia-se-an-y-sau-phien-toa-xet-xu-thuy-tien-215251120082108841.chn"", ""https://kenh14.vn/chinh-thuc-trai-nghiem-kenh14-theo-cach-hoan-toan-moi-tu-hom-nay-giao-dien-stream-20160926151850618.chn"", ""https://kenh14.vn/di-lam-ca-nam-khong-no-nan-van-trang-tay-215251226221136756.chn"", ""https://kenh14.vn/gap-chu-xe-om-bi-lan-truyen-sai-su-that-tren-mang-tiet-lo-ve-2-chiec-xe-pcx-va-sh-trong-nha-215251226214552863.chn"", ""https://kenh14.vn/hang-chuc-ty-dong-duoc-chuyen-cho-nguoi-khong-quen-biet-sau-2-dam-cuoi-tai-phiet-an-tuong-nhat-nam-2025-215251226201144821.chn"", ""https://kenh14.vn/hoa-hau-thuy-tien-hang-du-muc-quang-linh-vlogs-chap-nhan-ban-an-2-nam-tu-215251208174708034.chn"", ""https://kenh14.vn/hoang-duc-gianh-cu-dup-giai-thuong-tai-qua-bong-vang-2025-hotboy-dinh-bac-gianh-qua-bong-bac-215251226223314656.chn"", ""https://kenh14.vn/hoc-duong/ban-tin-46.chn"", ""https://kenh14.vn/huong-tram-neu-chuong-trinh-thuc-te-khai-thac-dung-con-nguoi-that-khong-biet-con-fan-khong-215251227001244062.chn"", ""https://kenh14.vn/kiem-5-7-trieu-dong-moi-dem-nho-cho-thue-may-photobooth-luu-dong-trong-dam-cuoi-tiec-cuoi-nam-215251226205735562.chn"", ""https://kenh14.vn/loi-noi-sau-cung-cua-thuy-tien-bi-cao-lam-tu-thien-la-de-giup-do-moi-nguoi-chu-khong-phai-do-cho-nhung-cai-sai-cua-minh-215251119173051472.chn"", ""https://kenh14.vn/luat-su-thuy-tien-chua-nhan-duoc-so-tien-thuc-te-ngoai-tru-68-trieu-gan-gio-hang-tren-san-thuong-mai-dien-tu-21525111917135673.chn"", ""https://kenh14.vn/ngay-nay-4-nam-truoc-cua-thuy-tien-2152512042027366.chn"", ""https://kenh14.vn/nguyen-thuc-thuy-tien-khong-khang-cao-chap-nhan-muc-an-2-nam-tu-215251208140553253.chn"", ""https://kenh14.vn/nhin-lai-nhung-drama-the-thao-nam-2025-tu-vu-bong-chuyen-bi-xu-thua-gay-soc-den-man-gian-lan-chan-dong-sea-games-215251226163007428.chn"", ""https://kenh14.vn/nong-chay-nha-giua-dem-khuya-4-nguoi-trong-gia-dinh-tu-vong-21525122707315584.chn"", ""https://kenh14.vn/pho-chu-tich-miss-grand-noi-1-cau-lo-thai-do-sau-khi-thuy-tien-bi-tuyen-an-2-nam-tu-21525112216322142.chn"", ""https://kenh14.vn/quyet-dinh-sai-lam-khien-thuy-tien-tra-gia-215251120082238283.chn"", ""https://kenh14.vn/su-that-ve-trinh-do-hoc-van-cua-thuy-tien-215251120143204587.chn"", ""https://kenh14.vn/toa-an-ly-giai-vi-sao-khong-xem-xet-hanh-vi-san-xuat-keo-kera-trong-vu-an-thuy-tien-21525112514353612.chn"", ""https://kenh14.vn/tom-tat-trend-2025-dung-google-maps-tro-ve-qua-khu-book-tram-ty-chup-len-cuoi-nam-vua-chay-deadline-vua-khoc-215251227080403473.chn""]"
